{"retro_vecs": {"mu": 3.98441558599472, "std": 1.0495358532187156, "scores": [5.119425735473633, 6.19207368850708, 2.677316026687622, 3.52406982421875, 3.2644055461883545, 3.8634445571899416, 4.559950428009033, 3.210478858947754, 3.3973340129852296, 3.436839303970337, 3.331303844451904, 3.715466718673706, 5.940655097961426, 4.307023620605468, 2.862469596862793, 3.992720432281494, 6.046635360717773, 4.049669151306152, 3.501622543334961, 2.695407371520996]}}