{"retro_vecs": {"mu": 0.6200073152660626, "std": 0.029887655613140694, "scores": [0.5976591079271703, 0.6196049747889113, 0.6730065833240333, 0.5961960495041511, 0.6247256764026131, 0.6130212143815689, 0.6378931971736955, 0.5859546452956907, 0.6144842721723516, 0.5925384054850207, 0.6071689827388103, 0.6510607165930998, 0.6634967076839455, 0.6371616677986764, 0.6283833213591977, 0.6547183611136592, 0.5530358451338868, 0.6291148496005512, 0.5764447699608206, 0.6444769568833977]}}