{"retro_vecs": {"mu": 9.591632254600523, "std": 1.4354082348477848, "scores": [12.167580490112305, 10.3892236328125, 8.45644910812378, 7.617611656188965, 9.384720458984376, 7.307967567443848, 8.621362037658692, 10.458450088500976, 8.904432792663574, 9.518815898895264, 9.231749877929687, 8.190357151031494, 9.392559928894043, 13.00875774383545, 8.895205516815185, 10.063746871948242, 9.344219074249267, 11.972928733825684, 8.733827362060547, 10.172679100036621]}}