{"retro_vecs": {"mu": 3.511685135841369, "std": 1.1071312512470564, "scores": [1.7883205366134645, 3.842999897003174, 3.9476744985580443, 5.055292549133301, 6.9212702369689945, 3.142655038833618, 3.6767338562011718, 3.275762872695923, 2.806331043243408, 2.651420726776123, 2.139373836517334, 3.0828540229797365, 3.539353847503662, 2.0952711582183836, 3.274952745437622, 3.417682991027832, 3.2991830348968505, 3.7672362518310547, 4.7166077995300295, 3.792725772857666]}}