{"retro_vecs": {"mu": 0.19299516954823684, "std": 0.034785124833667844, "scores": [0.21739130506768894, 0.21739130485173008, 0.19323671540776313, 0.18357487973095715, 0.14492753648383605, 0.25603864806285803, 0.18357487944301198, 0.18840579810925728, 0.23188405811498705, 0.19806763310219355, 0.17391304398216487, 0.15458937223262834, 0.21739130535563408, 0.2318840589788225, 0.19806763328215926, 0.14975845432223905, 0.15458937219663518, 0.24154589393576562, 0.12077294707586224, 0.2028985512285417]}}