{"retro_vecs": {"mu": 9.158987830162047, "std": 1.4615846125361966, "scores": [7.841156120300293, 6.66891170501709, 8.350318870544434, 12.190867385864259, 9.450661392211915, 9.103855590820313, 9.918249397277831, 10.313351287841797, 11.218655242919922, 7.775018634796143, 8.646916370391846, 7.88073335647583, 11.185156402587891, 8.658362464904785, 7.83869743347168, 8.613629608154296, 7.672475852966309, 10.38251308441162, 11.170932579040528, 8.299293823242188]}}