{"retro_vecs": {"mu": 0.6054133137997345, "std": 0.023779077784086396, "scores": [0.6159473298323268, 0.6356986104875214, 0.598390636342934, 0.5742501829694289, 0.5757132408910192, 0.6027798095408721, 0.6335040231473096, 0.6291148497749613, 0.5983906366481516, 0.6283833213591977, 0.5713240676930811, 0.620336503204675, 0.6152158008933329, 0.602779809366462, 0.6137527433205627, 0.6437454276827886, 0.5530358450030792, 0.5874177033916912, 0.5910753470402001, 0.6174103874050969]}}