{"retro_vecs": {"mu": 4.643232660770417, "std": 0.7164058070945736, "scores": [3.8111166286468507, 4.993462724685669, 4.4225013732910154, 4.917904539108276, 5.610068111419678, 5.04974328994751, 5.241727142333985, 5.683078069686889, 4.131758422851562, 3.7955053520202635, 4.323992834091187, 4.147978029251099, 3.5011285591125487, 5.551414451599121, 5.62541088104248, 3.901449108123779, 5.393512134552002, 4.827475128173828, 3.577242012023926, 4.358184423446655]}}