{"retro_vecs": {"mu": 10.435423424720765, "std": 1.3795423733897276, "scores": [10.422091827392578, 10.789864311218262, 9.672126388549804, 10.48016372680664, 9.457035636901855, 11.113710021972656, 11.804176063537598, 13.52629077911377, 7.9841570472717285, 9.708270530700684, 9.399867782592773, 9.888273620605469, 10.079619750976562, 10.843746795654297, 11.820819244384765, 11.507211570739747, 10.052891006469727, 12.85591106414795, 9.308732452392578, 7.9935088729858395]}}