{"retro_vecs": {"mu": 0.9117000000000001, "std": 0.010146920715172677, "scores": [0.9, 0.9125, 0.9035, 0.924, 0.9235, 0.9025, 0.9165, 0.8955, 0.8975, 0.91, 0.923, 0.908, 0.9205, 0.9215, 0.922, 0.923, 0.924, 0.9005, 0.9055, 0.9005]}}