{"retro_vecs": {"mu": 4.691678496360779, "std": 1.0654157231884367, "scores": [3.7122671794891358, 5.572555313110351, 6.431492328643799, 4.225855407714843, 4.742278470993042, 4.270236539840698, 4.902693862915039, 3.05391508102417, 3.87136079788208, 4.655850982666015, 3.838571796417236, 5.592261390686035, 5.896152324676514, 3.9217966747283937, 6.373176498413086, 3.7528964996337892, 4.01792007446289, 6.919424705505371, 3.4990313339233396, 4.583832664489746]}}