{"retro_vecs": {"mu": 0.2159420295128068, "std": 0.03889113940893812, "scores": [0.2222222227261262, 0.20289855094059653, 0.16908212610776874, 0.18840579731740814, 0.25603864806285803, 0.2753623193444837, 0.22705314060052237, 0.18840579760535328, 0.21739130456378494, 0.2173913045997781, 0.16908212610776874, 0.2608695654693433, 0.2705314011821424, 0.1642512082333726, 0.2753623208561957, 0.1980676335701044, 0.20289855144450053, 0.1980676330662004, 0.26570048409959546, 0.1497584543582322]}}