{"retro_vecs": {"mu": 5.156204753398895, "std": 0.8835766480650327, "scores": [4.716400089263916, 4.705211734771728, 3.9083555603027342, 5.678093605041504, 6.239470415115356, 4.707958488464356, 6.648516921997071, 5.39943567276001, 4.853526458740235, 3.4309874057769774, 5.405675544738769, 4.299458274841308, 5.160033512115478, 5.318280487060547, 6.043342866897583, 7.05642144203186, 5.4406531810760494, 4.761940879821777, 4.066981086730957, 5.283351440429687]}}