{"retro_vecs": {"mu": 601.6411826782225, "std": 135.9912936194273, "scores": [684.0702709960938, 703.763505859375, 567.5665209960938, 604.0918798828125, 1008.5579760742188, 470.1732470703125, 383.8281408691406, 762.1837548828125, 576.8800170898437, 623.1253515625, 500.4152490234375, 459.3796435546875, 707.7379907226563, 514.9484936523437, 642.646708984375, 629.5752709960938, 679.662880859375, 480.901708984375, 577.8825170898438, 455.4325244140625]}}