{"retro_vecs": {"mu": 0.5692026334495203, "std": 0.03012345040872874, "scores": [0.5515727868852776, 0.479151426394141, 0.5669348940155152, 0.569129481006907, 0.5610826628523843, 0.5757132404113915, 0.5274323333155612, 0.5720555962396523, 0.6005852226802879, 0.6137527436257804, 0.6203365028122523, 0.5596196049089928, 0.5991221653691329, 0.5859546456009084, 0.5625457204905582, 0.5669348938411052, 0.5566934889568058, 0.5888807608990575, 0.5501097290726936, 0.5764447696120004]}}