{"retro_vecs": {"mu": 0.9096500000000001, "std": 0.008180922930818993, "scores": [0.905, 0.9065, 0.915, 0.884, 0.9, 0.9225, 0.9155, 0.9095, 0.907, 0.917, 0.9145, 0.9115, 0.908, 0.9075, 0.911, 0.904, 0.913, 0.917, 0.9045, 0.92]}}