{"retro_vecs": {"mu": 5.194833700418473, "std": 0.6054041823469023, "scores": [6.261708736419678, 4.583248100280762, 6.623335838317871, 5.77822732925415, 4.784339504241943, 5.335592107772827, 4.272373208999634, 5.303725976943969, 5.645071821212769, 5.051257038116455, 4.823508005142212, 5.104010429382324, 5.166898612976074, 4.728053631782532, 4.263830184936523, 5.227346496582031, 4.594502382278442, 5.860020637512207, 4.99769510269165, 5.4919288635253904]}}