{"retro_vecs": {"mu": 0.6192026334059176, "std": 0.025494044249567745, "scores": [0.6181419169981286, 0.6305779075657441, 0.5859546450776781, 0.6656912951985675, 0.6027798100204999, 0.608632040704003, 0.6386247252406391, 0.6510607164622922, 0.6400877830314218, 0.650329187566901, 0.6108266273901771, 0.6503291878721186, 0.6071689828696177, 0.5940014632758034, 0.6386247252406391, 0.5713240675186709, 0.5903438189732566, 0.6335040229728994, 0.598390636517344, 0.5976591076219526]}}