{"retro_vecs": {"mu": 7.732461983680724, "std": 1.1553077500210414, "scores": [5.823789749145508, 8.353643188476562, 8.545121574401856, 7.644138641357422, 7.504763069152832, 8.274839668273925, 5.622549591064453, 9.264091491699219, 9.151640625, 5.551918430328369, 9.4139115524292, 6.490992088317871, 7.124714813232422, 7.574010162353516, 7.052368659973144, 8.049051742553711, 8.078130340576172, 9.263200874328612, 8.261940727233887, 7.60442268371582]}}