{"retro_vecs": {"mu": 16.057880422592163, "std": 1.419546705997997, "scores": [17.5128125, 16.47165287017822, 14.52556770324707, 17.014294891357423, 13.067555809020996, 16.45292999267578, 13.343003387451171, 16.323791961669922, 17.558962783813477, 15.802293243408203, 18.115904235839842, 15.34450035095215, 13.673832626342774, 15.209151611328124, 16.375326843261718, 16.144307746887208, 16.813793869018554, 16.957567291259764, 16.709955368041992, 17.740403366088866]}}