{"retro_vecs": {"mu": 0.783025, "std": 0.010986895603399547, "scores": [0.772, 0.7835, 0.78, 0.784, 0.769, 0.7915, 0.8, 0.7865, 0.7895, 0.7895, 0.81, 0.7605, 0.7765, 0.773, 0.788, 0.7735, 0.779, 0.783, 0.793, 0.7785]}}