{"retro_vecs": {"mu": 0.9164749999999998, "std": 0.007114202344606183, "scores": [0.913, 0.916, 0.9165, 0.915, 0.9135, 0.912, 0.9155, 0.907, 0.9295, 0.9205, 0.924, 0.9165, 0.8985, 0.9245, 0.9155, 0.9085, 0.915, 0.9165, 0.926, 0.926]}}