{"retro_vecs": {"mu": 5.2846930128335945, "std": 0.9504684777177693, "scores": [4.885992317199707, 4.258535995483398, 4.870946884155273, 6.613649101257324, 4.134230394363403, 4.2857545638084416, 6.353770542144775, 3.881562583446503, 4.083690843582153, 5.572198524475097, 6.616628532409668, 5.554906063079834, 7.405880241394043, 5.8911225652694705, 5.198926773071289, 5.095132668018341, 6.168895683288574, 5.011181507110596, 4.734444847106934, 5.07640962600708]}}