{"retro_vecs": {"mu": 0.9103999999999999, "std": 0.010003249472046567, "scores": [0.902, 0.9175, 0.9045, 0.9155, 0.925, 0.916, 0.905, 0.902, 0.911, 0.902, 0.9105, 0.9235, 0.9105, 0.891, 0.9025, 0.9125, 0.9185, 0.918, 0.9285, 0.892]}}