{"retro_vecs": {"mu": 7.018368049621581, "std": 1.190384689278754, "scores": [8.063142776489258, 5.887193832397461, 5.839749336242676, 6.54712495803833, 6.691398200988769, 6.765195350646973, 9.02909568786621, 8.41146427154541, 5.310423908233642, 7.266722640991211, 7.700864944458008, 8.381127853393554, 4.515648994445801, 7.556472206115723, 7.247922477722168, 8.4240380859375, 6.744006805419922, 6.451610336303711, 8.144945621490479, 5.389212703704834]}}