{"retro_vecs": {"mu": 0.5554133138106352, "std": 0.023939974761805694, "scores": [0.5610826625253653, 0.569129481006907, 0.5208485730826288, 0.5208485732570388, 0.5749817115160001, 0.5018288221512733, 0.553035844479849, 0.5566934897852537, 0.5932699345548221, 0.5640087784339497, 0.5749817116904101, 0.5654718365299501, 0.5501097290726936, 0.5259692758735987, 0.5398683247334257, 0.5910753475634304, 0.57498171134159, 0.5720555962832548, 0.5640087787391673, 0.5340160935920961]}}