{"retro_vecs": {"mu": 6.79912863779068, "std": 1.2877814229515014, "scores": [5.531553916931152, 9.663468589782715, 7.318525924682617, 8.572587509155273, 6.61268913269043, 6.883271636962891, 7.819737548828125, 6.7896047210693355, 7.054312973022461, 5.19778865814209, 5.764851388931274, 6.7995725440979005, 8.49258213043213, 5.531885890960694, 8.236832466125488, 6.04488172531128, 4.800869655609131, 5.755957908630371, 5.362158279418946, 7.749440155029297]}}