{"retro_vecs": {"mu": 620.2464517211914, "std": 171.96873975731242, "scores": [533.233017578125, 468.7834423828125, 641.90296875, 723.9857666015625, 522.4488940429687, 528.4258044433594, 552.6054956054687, 648.1253100585938, 973.874638671875, 733.9358984375, 587.9953344726563, 594.34119140625, 457.0252294921875, 780.750068359375, 598.5213647460937, 457.3178015136719, 481.2630285644531, 432.55048828125, 567.645751953125, 1120.1975390625]}}