{"retro_vecs": {"mu": 0.31012500000000004, "std": 0.01108250310173654, "scores": [0.316, 0.319, 0.298, 0.313, 0.278, 0.3, 0.306, 0.3085, 0.3235, 0.296, 0.3235, 0.316, 0.3135, 0.307, 0.3085, 0.3235, 0.301, 0.3185, 0.318, 0.315]}}