{"retro_vecs": {"mu": 5.294656633079052, "std": 0.7586214389916274, "scores": [5.7654756164550784, 5.7649932479858395, 4.3908899211883545, 5.79680103302002, 6.403000173568725, 5.28532283782959, 4.5058621978759765, 4.6763405358791355, 5.609572410583496, 5.454864349365234, 4.907579374313355, 6.825173530578613, 3.830146007537842, 5.2445468330383305, 6.385690612792969, 5.692552051544189, 4.780561442375183, 5.29072904586792, 4.124479670524597, 5.158551769256592]}}