{"retro_vecs": {"mu": 5.216956056594849, "std": 0.8268741258940343, "scores": [4.4522666740417485, 4.136892461776734, 4.425142221450805, 4.831515502929688, 5.292948894500732, 4.628115177154541, 4.993751754760742, 6.412045936584473, 4.666067295074463, 5.229488620758056, 6.6468270778656, 5.41002462387085, 3.7927405929565428, 5.447307167053222, 5.248337173461914, 4.773946304321289, 6.38931104183197, 4.684371838569641, 6.375782356262207, 6.502238416671753]}}