{"retro_vecs": {"mu": 0.34824999999999995, "std": 0.01780624890312386, "scores": [0.321, 0.3415, 0.3635, 0.3655, 0.3225, 0.3435, 0.3585, 0.3515, 0.3255, 0.3865, 0.357, 0.3635, 0.323, 0.3245, 0.3505, 0.335, 0.354, 0.3655, 0.363, 0.3495]}}