{"retro_vecs": {"mu": 6.133755897998809, "std": 0.988392458095849, "scores": [6.296019124984741, 8.871077289581299, 4.837586479187012, 8.090976991653442, 5.228168525695801, 5.659099178314209, 5.312981929779053, 5.286946964263916, 6.141468963623047, 6.526776828765869, 7.146698131561279, 6.272894363403321, 5.630368366241455, 5.483367834091187, 6.205306205749512, 5.510229682922363, 5.875252723693848, 5.397998313903809, 7.155432510375976, 5.746467552185059]}}