{"retro_vecs": {"mu": 0.5655084124662054, "std": 0.021536631847842377, "scores": [0.6071689827388103, 0.5457205558747554, 0.5632772492115394, 0.5552304311660231, 0.5691294801784591, 0.5574250180266073, 0.5910753473890202, 0.5757132405530997, 0.5654718360067199, 0.5398683247552271, 0.5940014631449958, 0.5501097294215137, 0.5830285297141253, 0.5859546449468707, 0.5267008044419711, 0.5947329921711948, 0.5662033647713037, 0.5537673742036883, 0.5537673737240605, 0.5318215068841208]}}