{"retro_vecs": {"mu": 642.7770623168947, "std": 108.7841291958588, "scores": [663.7439221191406, 748.3579052734375, 609.775185546875, 580.05107421875, 936.100712890625, 516.44681640625, 454.5105883789063, 779.459658203125, 637.2780615234375, 723.2519653320312, 561.9667785644531, 521.6291235351563, 674.7851416015625, 630.6207189941406, 744.3376416015625, 719.9256176757813, 617.46416015625, 575.2730249023438, 634.0561840820312, 526.5069653320312]}}