{"retro_vecs": {"mu": 0.5396854425520904, "std": 0.017538205086585146, "scores": [0.5025603508940559, 0.5076810534452119, 0.5544989030990796, 0.5274323333373624, 0.5274323334899712, 0.5405998540866436, 0.5479151430405573, 0.5369422093044691, 0.5537673735496504, 0.570592538492472, 0.5369422093044691, 0.5274323335117725, 0.5654718360067199, 0.5354791511648662, 0.5186539867452749, 0.5618141917477756, 0.539136795467413, 0.552304315780669, 0.5479151427571409, 0.5391367958162332]}}