{"retro_vecs": {"mu": 0.5795903438327515, "std": 0.017360677318827848, "scores": [0.5969275787265613, 0.6079005124626494, 0.609363569904612, 0.5903438187988466, 0.5698610092700618, 0.5771762986818019, 0.54937820083134, 0.5764447696774042, 0.5457205558965568, 0.5618141914207567, 0.5771762986818019, 0.5654718365299501, 0.5640087781069308, 0.596927579031779, 0.5830285295397152, 0.5640087780851296, 0.5874177025632433, 0.5830285293653051, 0.5947329920403872, 0.5910753470402001]}}