{"retro_vecs": {"mu": 5.11887162399292, "std": 0.748205578646697, "scores": [6.320583229064941, 4.850729670524597, 5.4223011779785155, 5.361604814529419, 5.102920513153077, 5.522618637084961, 4.4343833732604985, 6.3645680713653565, 4.880334663391113, 5.081340026855469, 4.158585133552552, 4.938557968139649, 6.209995517730713, 5.9816149139404295, 4.0471028709411625, 4.680864925384522, 4.807480220794678, 4.806134643554688, 5.824548530578613, 3.5811635780334474]}}