{"retro_vecs": {"mu": 6.423739820241927, "std": 0.7063561115576987, "scores": [7.413410482406616, 7.4096239471435545, 5.9250245285034175, 5.717034721374512, 6.569150648117065, 6.9705454444885255, 6.572915954589844, 5.58151668548584, 7.442021522521973, 5.951655740737915, 5.215655097961426, 6.115245523452759, 6.128261828422547, 7.746574478149414, 6.280210361480713, 5.9000835037231445, 5.60381160736084, 6.875413017272949, 6.090769844055176, 6.965871467590332]}}