{"retro_vecs": {"mu": 10.169305149078369, "std": 1.6668562118835641, "scores": [8.672455978393554, 8.703998260498047, 10.704210815429688, 7.9673029327392575, 11.226008529663085, 10.124312667846679, 11.630700645446778, 10.946545944213867, 11.053368492126465, 8.094842681884765, 9.069962692260741, 8.37516616821289, 10.365337715148925, 10.375552749633789, 15.079344711303712, 11.39511531829834, 10.0853662109375, 8.99781826019287, 11.930720939636231, 8.587971267700196]}}