{"retro_vecs": {"mu": 0.310675, "std": 0.013309089938835048, "scores": [0.299, 0.3135, 0.312, 0.301, 0.306, 0.312, 0.3005, 0.319, 0.3095, 0.318, 0.343, 0.309, 0.2915, 0.29, 0.317, 0.306, 0.3335, 0.2915, 0.3155, 0.326]}}