{"retro_vecs": {"mu": 8.712960328578948, "std": 1.234767059175166, "scores": [8.155164566040039, 10.437504959106445, 6.4402127456665035, 8.993157386779785, 7.465273933410645, 9.898429756164552, 10.074519100189208, 8.960075283050537, 9.920484390258789, 10.338479995727539, 9.34848114013672, 9.22855354309082, 6.613803081512451, 8.748839855194092, 7.433417129516601, 8.49533763885498, 9.723258056640624, 7.755630416870117, 6.778166103363037, 9.450417490005494]}}