{"retro_vecs": {"mu": 0.9125500000000001, "std": 0.010785290909382106, "scores": [0.916, 0.9195, 0.9215, 0.9035, 0.9105, 0.9165, 0.8895, 0.911, 0.924, 0.8965, 0.9235, 0.913, 0.933, 0.9115, 0.896, 0.901, 0.9145, 0.912, 0.927, 0.911]}}