{"retro_vecs": {"mu": 0.66955, "std": 0.09153317704526594, "scores": [0.5895, 0.748, 0.555, 0.7655, 0.73, 0.7545, 0.5745, 0.75, 0.579, 0.5685, 0.74, 0.585, 0.7755, 0.581, 0.7525, 0.754, 0.7485, 0.5235, 0.572, 0.7445]}}