{"retro_vecs": {"mu": 0.9122250000000001, "std": 0.009821500649086178, "scores": [0.914, 0.903, 0.9155, 0.9215, 0.8845, 0.904, 0.9225, 0.9275, 0.9115, 0.927, 0.911, 0.9125, 0.921, 0.9025, 0.909, 0.909, 0.916, 0.911, 0.919, 0.9025]}}