{"retro_vecs": {"mu": 0.7158249999999999, "std": 0.013208212407438047, "scores": [0.7235, 0.7235, 0.739, 0.705, 0.7045, 0.7115, 0.703, 0.7315, 0.7295, 0.714, 0.7255, 0.697, 0.7135, 0.7115, 0.729, 0.736, 0.7195, 0.693, 0.6975, 0.709]}}