{"retro_vecs": {"mu": 0.5676664228934655, "std": 0.026281136449481185, "scores": [0.6093635702534322, 0.5881492314586346, 0.49743964877892516, 0.5698610097278882, 0.6020482809506984, 0.5640087787391673, 0.5757132407602116, 0.5647403073293411, 0.577176298856212, 0.5947329917133682, 0.5530358453082969, 0.5654718358977135, 0.5705925387976897, 0.5552304315148432, 0.570592538318062, 0.5501097288982835, 0.5866861744962998, 0.5698610095970806, 0.5091441112795971, 0.5793708851935659]}}