{"retro_vecs": {"mu": 10.69858699655533, "std": 1.2908080863234344, "scores": [9.76050500869751, 12.219748306274415, 11.537668952941894, 11.620002365112304, 10.838152885437012, 9.598014125823974, 10.960579662322997, 11.645465507507325, 11.34507734298706, 7.837348194122314, 12.03996913909912, 9.577598686218261, 9.362149353027343, 12.8430810546875, 8.722771987915038, 10.530410919189453, 10.847388744354248, 9.357998552322387, 11.063839721679688, 12.263969421386719]}}