{"retro_vecs": {"mu": 5.601318995594978, "std": 0.5816057715636785, "scores": [6.178325867652893, 5.412249765396118, 5.194861993789673, 5.64365894317627, 4.552491474151611, 6.384726619720459, 5.465729579925537, 5.6378781127929685, 6.2134654998779295, 4.732041635513306, 6.017652089595795, 6.630329608917236, 4.2356758975982665, 5.3995467472076415, 5.669559135437011, 5.971649703979492, 5.816705284118652, 5.668211984634399, 5.4681261444091795, 5.7334938240051265]}}