{"retro_vecs": {"mu": 0.6303950255184865, "std": 0.020113553005534003, "scores": [0.6181419166493084, 0.6335040236269373, 0.6495976591511373, 0.629114850080179, 0.6525237744274851, 0.6152158007625254, 0.6049743960526361, 0.6452084856043789, 0.6349670807636821, 0.5837600580862864, 0.6291148497749613, 0.6152158007625254, 0.6232626186118304, 0.6452084857787891, 0.6474030719853354, 0.6539868325234854, 0.5940014632758034, 0.6320409658361545, 0.662765179442592, 0.6378931971736955]}}