{"retro_vecs": {"mu": 9.885811972618104, "std": 1.9057288187132981, "scores": [11.579955101013184, 10.133636779785157, 8.18572271347046, 8.21634464263916, 7.790294876098633, 7.489018402099609, 8.958723793029785, 9.360642433166504, 8.431099472045899, 11.782333602905274, 15.127594680786133, 12.482400703430176, 8.800167541503907, 12.642004890441894, 8.844973602294921, 8.53979564666748, 10.53053939819336, 9.455533847808837, 9.197543544769287, 10.167913780212402]}}