{"retro_vecs": {"mu": 0.709775, "std": 0.011133816731022657, "scores": [0.709, 0.717, 0.687, 0.709, 0.7255, 0.705, 0.7255, 0.721, 0.734, 0.7025, 0.703, 0.698, 0.7045, 0.704, 0.698, 0.6985, 0.711, 0.72, 0.712, 0.711]}}