{"retro_vecs": {"mu": 0.999775, "std": 0.00078222439235809, "scores": [1.0, 1.0, 1.0, 1.0, 1.0, 1.0, 1.0, 1.0, 1.0, 0.999, 1.0, 1.0, 0.9965, 1.0, 1.0, 1.0, 1.0, 1.0, 1.0, 1.0]}}