{"retro_vecs": {"mu": 0.08669001754640801, "std": 0.013806527376408046, "scores": [0.09982486867758522, 0.08231173383949517, 0.09106830123896774, 0.10858143615534761, 0.09632224172040585, 0.06479859898835681, 0.11208406307338206, 0.073555166413926, 0.10507880915902333, 0.10157618218879566, 0.09106830125201604, 0.06479859897530851, 0.07705779338415367, 0.09632224169430925, 0.073555166413926, 0.07705779337110535, 0.0788091068562192, 0.0840630473115607, 0.07705779338415367, 0.07880910683012259]}}