{"retro_vecs": {"mu": 0.394975, "std": 0.1607494537315757, "scores": [0.52, 0.5525, 0.486, 0.217, 0.107, 0.497, 0.234, 0.5255, 0.1215, 0.1255, 0.2345, 0.5155, 0.539, 0.4455, 0.5225, 0.4775, 0.2435, 0.5315, 0.474, 0.53]}}