{"retro_vecs": {"mu": 10.129475611686706, "std": 1.2223069191547542, "scores": [10.560553398132324, 10.089581546783448, 10.14651626586914, 12.591367835998534, 9.14436869621277, 8.75014949798584, 11.100483856201173, 9.85039031982422, 9.707666254043579, 8.888838996887207, 11.194973907470704, 10.279492530822754, 9.157138442993164, 9.04265598297119, 9.79287353515625, 9.496456909179688, 9.200832958221435, 11.146965026855469, 8.996017169952392, 13.452189102172852]}}