{"retro_vecs": {"mu": 0.6220555960390808, "std": 0.027745373098772633, "scores": [0.6203365030520662, 0.6100950991488235, 0.6327724945571358, 0.6320409660105646, 0.6276517921585887, 0.6539868320438578, 0.6378931971736955, 0.5961960493079397, 0.61228968535537, 0.6327724940775081, 0.6561814189262432, 0.6371616674498563, 0.562545720468757, 0.6444769568833977, 0.6027798095408721, 0.6510607164622922, 0.5676664225620864, 0.6547183609392492, 0.5764447694811929, 0.6320409651821167]}}