{"retro_vecs": {"mu": 11.993831098556518, "std": 1.6629370980967062, "scores": [9.830177993774415, 9.418570404052735, 13.232648162841796, 11.277138900756835, 13.299988899230957, 12.933756713867188, 11.82585536956787, 10.140851402282715, 11.463578071594238, 11.808531951904296, 13.131483459472657, 12.27910846710205, 14.956150016784669, 10.355942878723145, 12.703635635375976, 15.632063369750977, 13.779714317321778, 10.532346076965332, 10.647117233276367, 10.627962646484375]}}