{"retro_vecs": {"mu": 15.18166614341736, "std": 2.2657580638345176, "scores": [15.608057479858399, 13.476035194396973, 16.52323238372803, 18.860718574523926, 9.235215797424317, 15.053590850830078, 13.938890762329102, 15.242225494384765, 16.88731918334961, 11.998234367370605, 14.351092643737793, 14.115391159057618, 13.207546920776368, 16.80912612915039, 16.015281143188478, 15.954759368896484, 17.121944885253907, 19.69327423095703, 15.050348587036133, 14.491037712097167]}}