{"retro_vecs": {"mu": 8.111445085525514, "std": 0.9384050905781423, "scores": [8.589208145141601, 7.9839252090454105, 8.266759643554687, 6.733788242340088, 7.294509105682373, 9.166908988952637, 8.461377868652344, 8.043884353637695, 5.154263172149658, 8.891479034423828, 9.361233253479003, 9.207688026428222, 7.538362216949463, 8.010852241516114, 8.610529289245605, 8.379620819091796, 8.051326065063476, 7.518192367553711, 8.736988143920899, 8.22800552368164]}}