{"retro_vecs": {"mu": 4.5308645310401925, "std": 0.694965682536487, "scores": [5.3023460006713865, 5.016196823120117, 5.057442893981934, 5.419335956573486, 3.74362642288208, 5.064864597320557, 4.155214157104492, 2.8816385650634766, 5.7577449989318845, 3.915510368347168, 4.085928230285645, 4.223199691772461, 4.38681188583374, 4.331819429397583, 4.994075012207031, 4.7147908020019536, 3.4148017883300783, 4.515318183898926, 5.041710739135742, 4.594914073944092]}}