{"retro_vecs": {"mu": 0.269625, "std": 0.010949743147672462, "scores": [0.2705, 0.2725, 0.276, 0.271, 0.2805, 0.2895, 0.2735, 0.267, 0.267, 0.2535, 0.279, 0.249, 0.263, 0.254, 0.278, 0.2675, 0.2495, 0.2825, 0.2695, 0.2795]}}