{"retro_vecs": {"mu": 0.5982443305049923, "std": 0.027496730087109015, "scores": [0.587417702868461, 0.5961960501363875, 0.6079005119830218, 0.6108266273901771, 0.614484271867134, 0.602779809366462, 0.5654718360503224, 0.5018288221512733, 0.6020482804710706, 0.5713240668646332, 0.6276517924638063, 0.6093635696211956, 0.5881492316330447, 0.6152158005881152, 0.608632040704003, 0.6130212142725626, 0.6188734457191098, 0.6174103877975196, 0.5830285295397152, 0.6232626186118304]}}