{"retro_vecs": {"mu": 0.9141750000000002, "std": 0.007934536848487137, "scores": [0.9065, 0.9305, 0.9015, 0.9115, 0.9135, 0.917, 0.9165, 0.9, 0.908, 0.9115, 0.9215, 0.919, 0.912, 0.924, 0.9165, 0.925, 0.913, 0.9045, 0.9085, 0.923]}}