{"retro_vecs": {"mu": 13.78047159576416, "std": 1.67379827722759, "scores": [17.02109992980957, 12.307649154663086, 14.486535224914551, 14.695323867797851, 13.256811485290527, 12.412398719787598, 12.516753082275391, 13.583683166503906, 16.104847717285157, 16.741217651367187, 13.729287910461426, 14.191291313171387, 14.249598846435546, 12.929239120483398, 12.398967056274413, 12.013422203063964, 12.246445922851562, 16.356859741210936, 10.798392181396485, 13.569607620239259]}}