{"retro_vecs": {"mu": 0.543562545650792, "std": 0.017101942489501785, "scores": [0.525237746454977, 0.560351133629974, 0.5391367959906432, 0.5296269203505555, 0.5457205560491656, 0.5479151423865195, 0.5201170441872374, 0.5164594003643184, 0.5223116312440329, 0.541331382982035, 0.5464520845957368, 0.5508412579898863, 0.5669348939719127, 0.5471836135129293, 0.5537673738984706, 0.5757132407602116, 0.5179224578716848, 0.5720555959344347, 0.5435259692103827, 0.548646671630731]}}