{"retro_vecs": {"mu": 0.520125, "std": 0.046093620762530686, "scores": [0.5165, 0.509, 0.4995, 0.459, 0.5065, 0.489, 0.498, 0.518, 0.51, 0.4945, 0.472, 0.5195, 0.588, 0.63, 0.512, 0.514, 0.52, 0.646, 0.4945, 0.5065]}}