{"retro_vecs": {"mu": 0.678575, "std": 0.016797525859482985, "scores": [0.7, 0.692, 0.67, 0.6865, 0.6305, 0.6915, 0.679, 0.689, 0.6865, 0.675, 0.6975, 0.69, 0.666, 0.651, 0.6655, 0.693, 0.676, 0.6935, 0.673, 0.666]}}