{"retro_vecs": {"mu": 0.07784588443679694, "std": 0.012634667832437512, "scores": [0.08931698777995051, 0.06654991246042236, 0.06830122591943957, 0.07180385291576385, 0.08581436080972284, 0.06129597199203254, 0.0595446585069187, 0.09632224168126094, 0.09982486866453692, 0.07005253943065003, 0.07705779338415367, 0.06479859896226021, 0.09632224170735755, 0.07355516638782938, 0.07180385291576385, 0.07180385294186047, 0.07530647987294323, 0.07005253944369833, 0.09982486869063352, 0.08756567426874007]}}