{"retro_vecs": {"mu": 4.139886316299438, "std": 0.4907413275764986, "scores": [4.193640441894531, 4.106426563262939, 4.504953231811523, 3.7142731285095216, 4.685632266998291, 3.757324252128601, 3.6018265533447265, 3.5619559478759766, 5.113024787902832, 4.253764219284058, 4.020339541435241, 3.570625877380371, 3.5207720947265626, 4.61807487487793, 4.452957267761231, 4.258764085769653, 4.08901195526123, 4.029637145996094, 5.17396806716919, 3.570754022598267]}}