{"retro_vecs": {"mu": 7.988459419250489, "std": 1.0632062268624731, "scores": [8.986201801300048, 7.874638805389404, 9.100392913818359, 6.736028385162354, 7.097392139434814, 7.682309036254883, 8.873081703186035, 8.924657783508302, 9.939621810913087, 9.132310256958007, 6.747331199645996, 8.534739723205567, 5.922565326690674, 6.942296810150147, 6.552524604797363, 8.352926635742188, 8.152936611175537, 9.020361633300782, 8.011042823791504, 7.1858283805847165]}}