{"retro_vecs": {"mu": 9.663155085563659, "std": 1.429165525340407, "scores": [8.453694610595702, 10.362723922729492, 10.770784225463867, 10.263182563781738, 8.45942886352539, 8.029011421203613, 11.352261390686035, 12.569840087890626, 10.075028762817382, 10.211322784423828, 8.924464797973632, 9.839879722595215, 7.0820241546630855, 12.77975212097168, 8.328154296875, 9.667630882263184, 9.706957550048829, 8.670934829711914, 8.409502468109132, 9.306522254943848]}}