{"retro_vecs": {"mu": 0.6830999999999999, "std": 0.011754360892877149, "scores": [0.6985, 0.692, 0.695, 0.697, 0.6715, 0.69, 0.6685, 0.6785, 0.699, 0.684, 0.6825, 0.6635, 0.667, 0.7015, 0.671, 0.6925, 0.671, 0.681, 0.6835, 0.6745]}}