{"retro_vecs": {"mu": 0.6334308704899538, "std": 0.030127891280586527, "scores": [0.656912948279461, 0.6744696411148161, 0.6393562543104405, 0.6510607167675099, 0.6174103876231095, 0.5822970004699137, 0.6495976593255474, 0.6773957566963815, 0.6159473294835066, 0.6005852228764992, 0.6656912951985675, 0.6576444771748524, 0.6466715437439818, 0.6371616681038941, 0.5830285297141253, 0.6415508414762423, 0.660570592930828, 0.5757132407602116, 0.6261887343242034, 0.6093635694249843]}}