{"retro_vecs": {"mu": 9.665307579040528, "std": 1.583183051072198, "scores": [12.554423599243163, 11.238151206970215, 6.939414443969727, 10.239266777038575, 7.562868480682373, 10.441203727722169, 12.6925785446167, 11.67808780670166, 8.077063751220702, 8.877235374450684, 10.136555709838866, 8.719248600006104, 8.939554290771484, 10.08358959197998, 7.859059162139893, 8.764414081573486, 9.468468360900879, 11.190632514953613, 9.556331634521484, 8.288003921508789]}}