{"retro_vecs": {"mu": 0.988175, "std": 0.00360996883643059, "scores": [0.9925, 0.987, 0.99, 0.9825, 0.98, 0.988, 0.9895, 0.992, 0.991, 0.9855, 0.985, 0.9905, 0.9905, 0.982, 0.989, 0.991, 0.994, 0.9865, 0.9895, 0.9875]}}