{"retro_vecs": {"mu": 5.1263167984485625, "std": 0.7226459590033489, "scores": [4.91273380279541, 6.1990221405029295, 5.486437911987305, 5.680066051483155, 5.727407569885254, 4.189525594711304, 4.522862987518311, 5.498176250457764, 5.175986552238465, 6.205868453979492, 5.267965927124023, 3.7151639556884763, 5.383529376983643, 5.152842693328857, 3.875720052719116, 4.7158469963073735, 4.1558127689361575, 5.573307876586914, 6.092243747711182, 4.9958152580261235]}}