{"retro_vecs": {"mu": 6.4618701262474065, "std": 1.0775459630746942, "scores": [6.928144302368164, 4.456119060516357, 6.890549774169922, 7.498323173522949, 6.799904880523681, 5.6516321182250975, 5.512372951507569, 8.260310821533203, 8.406735000610352, 5.557738971710205, 5.397033004760742, 5.432055683135986, 6.18661190032959, 5.539343547821045, 6.361647491455078, 7.053668689727783, 6.246702117919922, 5.759391450881958, 6.82053955078125, 8.478578033447265]}}