{"retro_vecs": {"mu": 0.09824868649792338, "std": 0.01396555834438372, "scores": [0.09457092822224371, 0.09106830126506435, 0.0840630472985124, 0.10507880914597503, 0.10858143578999514, 0.09281961473712988, 0.09982486867758522, 0.08056042035438134, 0.11558669001751314, 0.1278458844524549, 0.09106830126506435, 0.10507880918511994, 0.09982486836442597, 0.10507880911987842, 0.057793345021804866, 0.09281961476322649, 0.10858143578999514, 0.10157618216269905, 0.09982486867758522, 0.10332749564781289]}}