{"retro_vecs": {"mu": 0.8203499999999998, "std": 0.008378693215531871, "scores": [0.8135, 0.827, 0.808, 0.815, 0.82, 0.816, 0.828, 0.8325, 0.827, 0.803, 0.835, 0.823, 0.8255, 0.8295, 0.8225, 0.8145, 0.8235, 0.8195, 0.8075, 0.8165]}}