{"retro_vecs": {"mu": 0.19315, "std": 0.017737037520397816, "scores": [0.205, 0.1925, 0.2, 0.191, 0.2105, 0.2065, 0.1895, 0.1825, 0.202, 0.1605, 0.2015, 0.147, 0.222, 0.201, 0.2065, 0.194, 0.1775, 0.171, 0.191, 0.2115]}}