{"retro_vecs": {"mu": 5.8836967959404, "std": 0.9448075882454006, "scores": [5.683544921875, 6.301117305755615, 5.3369643497467045, 5.810799694061279, 6.137546768188477, 7.056309776306152, 4.5154417037963865, 5.816474914550781, 8.497926864624024, 5.2689838886260985, 7.1255451011657716, 5.2961430311203, 5.3200811004638675, 5.283395023345947, 6.660180568695068, 4.669514579772949, 5.715504112243653, 6.126901397705078, 6.479793357849121, 4.57176745891571]}}