{"retro_vecs": {"mu": 0.5601682515903468, "std": 0.018423602735904394, "scores": [0.5844915873522992, 0.5779078271193668, 0.5654718365299501, 0.5669348938411052, 0.5054864671078579, 0.55815654711821, 0.5442574980839727, 0.5801024136093296, 0.5523043157588677, 0.5449890269793641, 0.5808339433331688, 0.5705925387976897, 0.548646671630731, 0.5391367956636244, 0.5676664223876763, 0.5471836138399483, 0.5603511338043841, 0.5596196045383713, 0.5822970006443239, 0.566934893666695]}}