{"retro_vecs": {"mu": 0.5978054132375215, "std": 0.02746362521788031, "scores": [0.5771762985509944, 0.5844915871560878, 0.648866130430156, 0.5932699337263743, 0.5881492322870825, 0.6371616681038941, 0.588880760354026, 0.6174103879283271, 0.6144842719979415, 0.5735186540740376, 0.5515727872122965, 0.6356986100078937, 0.6100950983203757, 0.5405998536070159, 0.5859546449468707, 0.6086320404859904, 0.6320409658361545, 0.5771762982021742, 0.598390636517344, 0.5925384050053929]}}