{"retro_vecs": {"mu": 5.086978857040405, "std": 0.9142977821786421, "scores": [4.128286266326905, 5.150860767364502, 4.890521736145019, 3.854523468017578, 6.007656784057617, 4.36043496131897, 5.067101249694824, 4.839734535217286, 6.026552219390869, 5.142890853881836, 4.189709806442261, 5.166604747772217, 5.131510143280029, 6.84720329284668, 7.057288227081298, 5.232190542221069, 3.8648067474365235, 4.187490062713623, 4.372705564498902, 6.221505165100098]}}