{"retro_vecs": {"mu": 3.1969397888183595, "std": 0.5669320253116911, "scores": [2.545675449371338, 3.4883649063110354, 4.7645221710205075, 2.963427143096924, 3.3579786682128905, 3.316605501174927, 3.1657806491851805, 4.062192182540894, 3.9035042762756347, 3.291680488586426, 2.8772686672210694, 2.868912010192871, 3.298953723907471, 3.5632428169250487, 2.847087802886963, 3.2117814445495605, 2.327945728302002, 2.6375378513336183, 2.483134641647339, 2.9631996536254883]}}