{"retro_vecs": {"mu": 0.89075, "std": 0.008822556318890808, "scores": [0.8915, 0.88, 0.887, 0.902, 0.883, 0.9005, 0.8895, 0.8875, 0.8795, 0.8865, 0.8835, 0.9, 0.8965, 0.8975, 0.888, 0.873, 0.8895, 0.8995, 0.8905, 0.91]}}