{"retro_vecs": {"mu": 4.0074933385849, "std": 0.81856962677244, "scores": [4.002240114212036, 4.6070730590820315, 3.3859272098541258, 2.8064122581481934, 2.90259352684021, 3.5617873287200927, 5.482201519012452, 3.6482794761657713, 3.5810465240478515, 3.4260875034332274, 4.499730796813965, 4.422950401306152, 4.580637016296387, 4.138219890594482, 5.942676439285278, 3.4264221382141113, 3.4469840717315674, 3.2395707893371584, 3.938016424179077, 5.111010284423828]}}