{"retro_vecs": {"mu": 3.4191306157112122, "std": 0.6085040359525371, "scores": [3.9251525688171385, 2.7821544361114503, 3.4970020866394043, 3.433354072570801, 4.070677375793457, 3.010198783874512, 3.3177336502075194, 3.8346977996826173, 3.8794866943359376, 2.5551139068603517, 3.439298219680786, 4.9784555244445805, 2.8491774082183836, 2.592894697189331, 4.003336811065674, 3.0312825775146486, 2.990217924118042, 3.007133512496948, 4.166760177612304, 3.0184840869903566]}}