{"retro_vecs": {"mu": 0.6036576444813171, "std": 0.022514695853374865, "scores": [0.596927579031779, 0.5976591076219526, 0.6276517926382164, 0.5998536939593067, 0.6371616674498563, 0.5910753470402001, 0.5786393558185469, 0.6313094364611355, 0.607168983392848, 0.5998536937848965, 0.6079005121574318, 0.637161667929484, 0.5793708855423861, 0.5822970007751315, 0.5940014632758034, 0.5610826631576019, 0.6152158005881152, 0.5801024137837397, 0.6005852235087358, 0.6481346017091747]}}