{"retro_vecs": {"mu": 0.57575, "std": 0.022967096028884436, "scores": [0.571, 0.538, 0.572, 0.582, 0.575, 0.598, 0.608, 0.517, 0.598, 0.561, 0.561, 0.592, 0.59, 0.584, 0.581, 0.601, 0.568, 0.54, 0.578, 0.6]}}