{"retro_vecs": {"mu": 10.985592946052552, "std": 1.8049944077486806, "scores": [12.240243911743164, 13.541494560241699, 8.829471626281737, 13.094542808532715, 8.270423831939697, 15.393971290588379, 10.96293083190918, 10.938489112854004, 9.697645454406738, 10.214988479614258, 13.539432067871093, 11.638309059143067, 9.770879173278809, 10.01618839263916, 11.207377243041993, 9.755236930847168, 9.73645606994629, 8.951141357421875, 9.891412620544434, 12.021224098205566]}}