{"retro_vecs": {"mu": 9.96815143108368, "std": 1.6410467075816377, "scores": [9.564635086059571, 9.198456687927246, 9.020569305419922, 9.778014602661132, 7.8970482063293455, 10.982095413208008, 12.408866729736328, 7.869019298553467, 8.079905986785889, 7.805019760131836, 8.249057579040528, 12.243526306152344, 11.79260410308838, 12.468761253356934, 11.476951446533203, 10.749904861450196, 9.833445053100586, 11.835795097351074, 7.943654289245606, 10.165697555541993]}}