{"retro_vecs": {"mu": 0.64005, "std": 0.01225856843191733, "scores": [0.628, 0.629, 0.648, 0.6425, 0.648, 0.646, 0.628, 0.623, 0.6595, 0.661, 0.6625, 0.629, 0.6365, 0.6265, 0.629, 0.6275, 0.6485, 0.6405, 0.6515, 0.6365]}}