{"retro_vecs": {"mu": 0.7738500000000001, "std": 0.01409796084545563, "scores": [0.786, 0.7535, 0.7735, 0.759, 0.7925, 0.7705, 0.7765, 0.7635, 0.781, 0.7905, 0.781, 0.78, 0.7925, 0.791, 0.7675, 0.757, 0.7375, 0.772, 0.775, 0.777]}}