{"retro_vecs": {"mu": 0.5516093635197181, "std": 0.03289153950218119, "scores": [0.553035844654259, 0.5362106800602576, 0.54937820083134, 0.5391367962958609, 0.5742501829694289, 0.5676664225620864, 0.6027798096716797, 0.5515727870378864, 0.5713240668646332, 0.5186539872249025, 0.5757132404113915, 0.6217995609518552, 0.5288953915859717, 0.5442574980839727, 0.5801024144377774, 0.5391367958162332, 0.5054864662794101, 0.5267008045945799, 0.5727871246554159, 0.4732991954054201]}}