{"retro_vecs": {"mu": 0.694825, "std": 0.012771330196968512, "scores": [0.692, 0.7205, 0.6915, 0.6995, 0.7025, 0.696, 0.697, 0.6805, 0.676, 0.704, 0.6885, 0.715, 0.7035, 0.715, 0.675, 0.7005, 0.6825, 0.6805, 0.683, 0.6935]}}