{"retro_vecs": {"mu": 0.883475, "std": 0.007967865146951216, "scores": [0.8885, 0.8885, 0.8745, 0.888, 0.8805, 0.892, 0.8695, 0.894, 0.872, 0.877, 0.8855, 0.881, 0.876, 0.8745, 0.901, 0.8835, 0.892, 0.885, 0.887, 0.8795]}}