{"retro_vecs": {"mu": 9.803067488670347, "std": 1.3281855880204587, "scores": [11.405844497680665, 8.595196590423583, 11.126521835327148, 9.096439704895019, 10.342764320373535, 10.810100288391114, 9.258109931945802, 10.77214958190918, 9.71683879852295, 9.564012489318849, 10.8567236328125, 6.982518539428711, 10.384731559753417, 9.350722351074218, 11.589263610839843, 9.438895511627198, 6.614544792175293, 10.100166912078857, 11.274691925048828, 8.781112899780274]}}