{"retro_vecs": {"mu": 8.770899128913879, "std": 1.1362113686238904, "scores": [8.103096351623535, 8.796767196655274, 9.359490127563477, 8.670804061889648, 7.9099948120117185, 7.76516996383667, 9.029617042541505, 9.841719131469727, 9.771058731079101, 6.071554222106934, 7.563805389404297, 9.891022338867188, 7.862037315368652, 8.296283416748047, 8.933915672302247, 8.76962459564209, 11.622373657226563, 8.400249862670899, 10.07404685974121, 8.685351829528809]}}