{"retro_vecs": {"mu": 0.99645, "std": 0.0019487175269905076, "scores": [0.9955, 0.9995, 0.9975, 0.993, 0.997, 0.998, 0.9935, 0.9975, 0.9965, 0.9975, 0.9975, 0.995, 0.997, 0.996, 0.9975, 0.9975, 0.998, 0.999, 0.9925, 0.9935]}}