{"retro_vecs": {"mu": 0.71275, "std": 0.01368986851653442, "scores": [0.7035, 0.6975, 0.6925, 0.73, 0.7015, 0.7, 0.7335, 0.737, 0.7, 0.7285, 0.7215, 0.704, 0.727, 0.702, 0.709, 0.707, 0.7065, 0.709, 0.7115, 0.7335]}}