{"retro_vecs": {"mu": 0.5406730065009153, "std": 0.016344228354890043, "scores": [0.5413313826768174, 0.5764447693067828, 0.5530358453082969, 0.5340160933958847, 0.5435259694937989, 0.5259692758735987, 0.5325530357795121, 0.5259692758735987, 0.521580102632058, 0.5384052665720216, 0.5647403069805209, 0.5515727866890663, 0.530358449093338, 0.5435259688397612, 0.5640087780851296, 0.5515727870378864, 0.5245062183880335, 0.5267008044201699, 0.5106071688959698, 0.5530358446760603]}}