{"retro_vecs": {"mu": 0.9834249999999999, "std": 0.008290468925217677, "scores": [0.9865, 0.986, 0.9855, 0.987, 0.981, 0.987, 0.987, 0.987, 0.986, 0.987, 0.983, 0.984, 0.9895, 0.9705, 0.989, 0.9545, 0.985, 0.992, 0.973, 0.988]}}