{"retro_vecs": {"mu": 0.270025, "std": 0.012492472733610423, "scores": [0.2885, 0.2825, 0.2545, 0.285, 0.28, 0.2645, 0.255, 0.272, 0.2795, 0.27, 0.282, 0.246, 0.268, 0.2745, 0.2735, 0.278, 0.2425, 0.269, 0.26, 0.2755]}}