{"retro_vecs": {"mu": 0.220125, "std": 0.007417673152680701, "scores": [0.225, 0.2195, 0.2125, 0.2145, 0.215, 0.227, 0.2305, 0.2205, 0.2015, 0.226, 0.2115, 0.22, 0.2085, 0.231, 0.2205, 0.225, 0.223, 0.226, 0.2255, 0.2195]}}