{"retro_vecs": {"mu": 3.603244772911072, "std": 0.7009819814890638, "scores": [3.222565908432007, 3.757486581802368, 3.7857157802581787, 3.966034412384033, 2.3779942893981936, 4.698820610046386, 3.258390522003174, 2.720471000671387, 3.4432289505004885, 3.141290740966797, 4.44647855758667, 3.857897891998291, 3.786305408477783, 4.908208541870117, 3.5386519241333008, 2.612012348175049, 4.75261547088623, 2.8371543216705324, 3.805550384521484, 3.148021812438965]}}