{"retro_vecs": {"mu": 0.783775, "std": 0.009416043489704172, "scores": [0.788, 0.7745, 0.777, 0.789, 0.782, 0.7775, 0.8005, 0.78, 0.7825, 0.791, 0.7785, 0.7765, 0.795, 0.801, 0.79, 0.7795, 0.7745, 0.7755, 0.797, 0.766]}}