{"retro_vecs": {"mu": 0.5438551571282838, "std": 0.02273098774126717, "scores": [0.5405998534326057, 0.5771762986818019, 0.5471836136873395, 0.5281638625597727, 0.5281638625597727, 0.5142648130241064, 0.569861009204658, 0.5896122894238275, 0.5171909289108896, 0.5237746888604056, 0.5186539867670761, 0.5193855156624675, 0.5662033652509314, 0.5581565467475885, 0.5142648130241064, 0.5471836136655382, 0.5676664223876763, 0.5581565469437999, 0.5588880761662102, 0.532553035605102]}}