{"retro_vecs": {"mu": 0.514825, "std": 0.01237868631963829, "scores": [0.5205, 0.5015, 0.5315, 0.5025, 0.515, 0.519, 0.5105, 0.504, 0.488, 0.5275, 0.5025, 0.51, 0.5215, 0.5395, 0.5025, 0.522, 0.5265, 0.5115, 0.529, 0.5115]}}