{"retro_vecs": {"mu": 22.406099093437195, "std": 24.07515932750281, "scores": [10.208032684326172, 8.914751014709474, 14.27047592163086, 80.36906311035156, 78.65352390289307, 14.050349063873291, 12.888069152832031, 12.39893518447876, 14.543921012878418, 11.98203269958496, 16.28705894470215, 13.00537841796875, 11.467925605773926, 9.715224895477295, 13.287643432617188, 11.19888397216797, 13.286875534057618, 79.67823665618897, 11.191667976379394, 10.72393268585205]}}