{"retro_vecs": {"mu": 0.10043782839215573, "std": 0.014316652995250995, "scores": [0.09281961472408158, 0.09106830127811265, 0.12084063052504786, 0.12259194398406507, 0.11033274930120558, 0.07705779335805706, 0.09281961472408158, 0.11733800352872358, 0.10157618216269905, 0.12609457096734106, 0.08231173383949517, 0.09106830125201604, 0.09982486870368183, 0.10683012261804056, 0.08231173381339857, 0.09807355519247138, 0.11033274961436484, 0.10683012264413717, 0.07880910693450902, 0.09982486867758522]}}