{"retro_vecs": {"mu": 0.9153750000000003, "std": 0.006873636228372881, "scores": [0.915, 0.9025, 0.921, 0.919, 0.9205, 0.923, 0.906, 0.918, 0.925, 0.9095, 0.912, 0.9155, 0.904, 0.91, 0.9095, 0.9225, 0.917, 0.9125, 0.928, 0.917]}}