{"retro_vecs": {"mu": 0.883075, "std": 0.010535980020861842, "scores": [0.8875, 0.8785, 0.88, 0.8845, 0.8555, 0.8885, 0.887, 0.902, 0.887, 0.889, 0.8755, 0.872, 0.88, 0.875, 0.8955, 0.883, 0.8955, 0.8875, 0.866, 0.892]}}