{"retro_vecs": {"mu": 0.6773499999999999, "std": 0.023674934002019934, "scores": [0.6945, 0.6945, 0.6625, 0.6925, 0.673, 0.679, 0.709, 0.697, 0.6865, 0.66, 0.6265, 0.674, 0.6165, 0.6695, 0.66, 0.683, 0.6955, 0.713, 0.686, 0.6745]}}