{"retro_vecs": {"mu": 14.163391719818117, "std": 2.5406269132467894, "scores": [17.193130874633788, 12.574959411621094, 12.908594093322755, 10.311420402526856, 10.47647476196289, 14.900279998779297, 13.024883270263672, 17.36302085876465, 11.100882301330566, 14.310041275024414, 18.644058532714844, 12.186983833312988, 15.837980499267578, 14.3593408203125, 14.529603729248047, 15.280151977539063, 19.149882316589355, 12.129225807189941, 11.518187942504882, 15.468731689453126]}}