{"retro_vecs": {"mu": 0.7204249999999999, "std": 0.013292173449063948, "scores": [0.706, 0.722, 0.7185, 0.698, 0.72, 0.708, 0.732, 0.726, 0.689, 0.7415, 0.731, 0.7255, 0.7405, 0.711, 0.73, 0.735, 0.71, 0.7205, 0.719, 0.725]}}