{"retro_vecs": {"mu": 0.239575, "std": 0.014964353477514491, "scores": [0.235, 0.2575, 0.2695, 0.2125, 0.262, 0.252, 0.2395, 0.237, 0.2245, 0.235, 0.2545, 0.221, 0.235, 0.2535, 0.245, 0.2265, 0.242, 0.2195, 0.244, 0.226]}}