{"retro_vecs": {"mu": 5.611151651144027, "std": 0.9926846605906878, "scores": [4.374692020416259, 5.168533515930176, 7.428322601318359, 5.043900871276856, 6.969245300292969, 5.1674439811706545, 4.6622881507873535, 6.524858088493347, 5.085677738189697, 6.485265865325927, 4.552890205383301, 6.483585424423218, 6.010292949676514, 5.528607797622681, 4.040644721984863, 4.462145299911499, 6.611894226074218, 5.747661123275757, 4.82487340927124, 7.050209732055664]}}