{"retro_vecs": {"mu": 7.8908999261856065, "std": 1.665258333016453, "scores": [6.871944580078125, 8.686200485229492, 7.672370300292969, 8.048518047332763, 9.579780654907227, 7.5077610778808594, 7.835676383972168, 7.2986165809631345, 7.548779582977295, 11.717810211181641, 7.514899368286133, 11.456769561767578, 5.777048091888428, 9.513744354248047, 5.541973400115967, 6.061671142578125, 8.311618118286132, 5.419827880859375, 7.255594139099121, 8.197394561767577]}}