{"retro_vecs": {"mu": 0.7195750000000001, "std": 0.01569496336408595, "scores": [0.71, 0.7015, 0.7145, 0.7255, 0.723, 0.727, 0.6855, 0.7225, 0.704, 0.7385, 0.762, 0.7055, 0.7105, 0.7245, 0.7075, 0.732, 0.725, 0.7245, 0.7315, 0.7165]}}