{"retro_vecs": {"mu": 0.71095, "std": 0.011851054805374926, "scores": [0.7105, 0.725, 0.726, 0.693, 0.7035, 0.714, 0.698, 0.714, 0.725, 0.716, 0.7135, 0.7065, 0.699, 0.6835, 0.719, 0.7255, 0.7045, 0.701, 0.7265, 0.715]}}