{"retro_vecs": {"mu": 4.879184206485748, "std": 0.7363257954647964, "scores": [4.86638837814331, 4.494006080627441, 5.27814790725708, 5.091578330993652, 4.415590858459472, 3.7656209564208982, 5.927734756469727, 3.404463977813721, 5.624432601928711, 5.073028106689453, 6.687182903289795, 5.058721866607666, 5.704128303527832, 4.740469856262207, 4.978856182098388, 4.2819955444335935, 4.582370624542237, 4.983012599945068, 4.138280296325684, 4.487673997879028]}}