{"retro_vecs": {"mu": 0.88315, "std": 0.007219937672861175, "scores": [0.87, 0.8825, 0.893, 0.875, 0.892, 0.8825, 0.8765, 0.893, 0.877, 0.8795, 0.8815, 0.8855, 0.8865, 0.8855, 0.8865, 0.8955, 0.883, 0.871, 0.8905, 0.8765]}}