{"retro_vecs": {"mu": 15.572196111679077, "std": 2.06902785828626, "scores": [13.610161781311035, 16.229830017089842, 15.716123580932617, 13.35948974609375, 17.836946716308592, 15.209558334350586, 16.747403717041017, 15.693876419067383, 16.090168533325194, 13.165417633056641, 19.48583396911621, 20.1306591796875, 15.324527435302734, 16.750780487060545, 15.832147521972656, 13.963687362670898, 16.47530876159668, 11.167069549560546, 14.627797775268554, 14.027133712768554]}}