{"retro_vecs": {"mu": 0.10761821366089759, "std": 0.014146396589760017, "scores": [0.12259194399711339, 0.09982486866453692, 0.11558669004360973, 0.09982486866453692, 0.11558669005665805, 0.09457092820919541, 0.09807355521856799, 0.12609457098038937, 0.10507880914597503, 0.12959719795061703, 0.12259194367090583, 0.10858143610315439, 0.11033274927510898, 0.09281961473712988, 0.10157618216269905, 0.08056042036742964, 0.12609457095429275, 0.09982486867758522, 0.12084063049895125, 0.08231173383949517]}}