{"retro_vecs": {"mu": 9.731419099807738, "std": 1.1561256940488673, "scores": [9.456585311889649, 8.760494575500488, 9.768858909606934, 10.391209449768066, 10.295695037841798, 9.879998397827148, 10.36897762298584, 9.80949312210083, 12.464740638732911, 9.984107666015625, 9.564791641235352, 9.218149337768555, 9.39298210144043, 6.236297836303711, 10.43673641204834, 10.136068229675294, 9.056311721801757, 8.346643371582031, 10.699773406982422, 10.360467205047607]}}