{"retro_vecs": {"mu": 7.251967536449432, "std": 1.122783589363539, "scores": [6.35633752822876, 7.303638877868653, 7.85020809173584, 6.734711437225342, 5.79010082244873, 5.8276919174194335, 9.246998825073241, 9.243960418701171, 8.367420349121094, 6.958984832763672, 5.8395844841003415, 9.584056434631348, 6.813198261260986, 6.679087343215943, 7.71835952758789, 7.3607883644104, 6.203658447265625, 6.262772521972656, 7.440013198852539, 7.457779045104981]}}