{"retro_vecs": {"mu": 731.6653311157227, "std": 85.95442173478831, "scores": [790.3478686523438, 782.5557043457031, 636.902216796875, 639.244052734375, 795.4147875976563, 784.3460791015625, 896.036962890625, 705.8009765625, 601.7267700195313, 722.8624560546875, 617.728896484375, 854.4308837890625, 700.8010913085938, 702.2624731445312, 734.5375830078125, 864.448759765625, 653.0896899414063, 668.5597387695312, 654.8612548828125, 827.3483764648438]}}