{"retro_vecs": {"mu": 15.678227483749387, "std": 2.7530488837547775, "scores": [10.00754524230957, 15.434201736450195, 11.558946113586426, 17.37973808288574, 14.653365859985351, 15.102873077392578, 20.591864852905275, 16.974449348449706, 15.957754821777344, 19.551050872802733, 15.929852600097655, 10.822603187561036, 14.485131950378419, 13.622229309082032, 15.066037902832031, 18.316422233581545, 14.439874801635742, 18.61715431213379, 18.867044525146483, 16.18640884399414]}}