{"retro_vecs": {"mu": 0.6159839062640157, "std": 0.029253359405745628, "scores": [0.6049743960526361, 0.6386247257202667, 0.6100950986691959, 0.6239941475072217, 0.6488661301249383, 0.6554498901398581, 0.5683979516318879, 0.5932699342060019, 0.6166788590329358, 0.6378931966504653, 0.6086320413580408, 0.6057059251442388, 0.6393562544848506, 0.5340160935702948, 0.5859546451430819, 0.6327724940775081, 0.6247256765334207, 0.6349670811343036, 0.6035113384362635, 0.6517922456629013]}}