{"retro_vecs": {"mu": 5.000863101959228, "std": 0.7848758402328485, "scores": [4.535050754547119, 4.068956823348999, 4.548349561691285, 4.290559577941894, 4.377000789642334, 6.9865314245224, 4.468709506988525, 5.682067832946777, 4.8435908126831055, 5.078136720657349, 6.352689666748047, 4.59515796661377, 4.623517508506775, 5.656665191650391, 5.444198837280274, 4.835178365707398, 5.15387674331665, 3.542585000991821, 5.612813282012939, 5.321625671386719]}}