{"retro_vecs": {"mu": 6.093719086170196, "std": 0.8736469630792034, "scores": [6.858727836608887, 6.294229106903076, 4.561650981903076, 6.093862018585205, 5.523147678375244, 6.018584594726563, 4.940014362335205, 5.796409816741943, 5.975156936645508, 5.880733194351197, 8.302949256896973, 6.406063270568848, 7.369070377349853, 6.401627655029297, 5.569410171508789, 4.636420269012451, 6.6964621925354, 6.91846923828125, 6.120778541564942, 5.510614223480225]}}