{"retro_vecs": {"mu": 0.9181750000000001, "std": 0.007014761221880616, "scores": [0.922, 0.909, 0.9045, 0.9185, 0.917, 0.9135, 0.924, 0.9345, 0.9255, 0.9165, 0.9205, 0.9135, 0.907, 0.924, 0.915, 0.922, 0.914, 0.9165, 0.9275, 0.9185]}}