{"retro_vecs": {"mu": 10.443234167099, "std": 2.0027331346572104, "scores": [6.7369150543212895, 11.05938404083252, 11.287296867370605, 10.380044822692872, 8.471820526123047, 13.355320281982422, 9.138102760314942, 7.219749717712403, 9.637356109619141, 11.629403533935546, 9.747871761322022, 11.867818565368653, 12.837360763549805, 9.150880584716797, 15.581162261962891, 10.724582366943359, 9.391692390441895, 10.089584636688233, 9.507334594726563, 11.05100170135498]}}