{"retro_vecs": {"mu": 0.9153499999999999, "std": 0.008043786421828975, "scores": [0.929, 0.9075, 0.9225, 0.914, 0.9175, 0.9215, 0.909, 0.906, 0.931, 0.909, 0.908, 0.9135, 0.918, 0.9135, 0.9175, 0.9025, 0.922, 0.9245, 0.918, 0.9025]}}