{"retro_vecs": {"mu": 0.9148250000000001, "std": 0.007021885430566357, "scores": [0.9065, 0.92, 0.915, 0.923, 0.9135, 0.923, 0.9125, 0.9135, 0.9, 0.913, 0.907, 0.915, 0.9065, 0.91, 0.9285, 0.9235, 0.92, 0.919, 0.908, 0.919]}}