{"retro_vecs": {"mu": 3.126131232380867, "std": 0.507318118047427, "scores": [2.683931493759155, 4.66049934387207, 2.528034522533417, 3.2224128341674803, 3.1276396226882937, 2.8818836784362794, 2.907197413444519, 2.9856852436065675, 3.7953421306610107, 3.366540622711182, 2.9864418506622314, 3.2422465085983276, 3.448293900489807, 2.9950837326049804, 3.4815166854858397, 3.0345221948623657, 2.1395386409759523, 2.6551179122924804, 3.4200720405578613, 2.9606242752075196]}}