{"retro_vecs": {"mu": 10.40747597026825, "std": 1.651311431902196, "scores": [8.729257736206055, 10.64395133972168, 9.766251983642578, 10.329792442321777, 14.682832565307617, 9.910524330139161, 9.772087211608886, 10.223874244689942, 9.99279556274414, 12.4774906539917, 12.64180404663086, 12.173351974487305, 8.06585994720459, 8.05178617477417, 9.811236419677734, 9.026845970153808, 9.188296508789062, 9.345940208435058, 11.073511199951172, 12.242028884887695]}}