{"retro_vecs": {"mu": 819.6251251831054, "std": 412.99613805881125, "scores": [972.8289086914062, 746.4961096191406, 596.3001538085938, 864.2168505859376, 776.9875708007812, 844.0666040039063, 686.3234252929688, 736.7685498046875, 1017.9244262695313, 589.193544921875, 602.9734020996094, 685.9164599609375, 741.4145727539062, 765.266474609375, 682.0031176757813, 668.9358569335938, 518.1649426269531, 2538.9949365234374, 745.533681640625, 612.1929150390625]}}