{"retro_vecs": {"mu": 0.10043782837062605, "std": 0.016337746193816373, "scores": [0.09632224170735755, 0.09106830127811265, 0.09106830123896774, 0.09982486866453692, 0.1278458844915998, 0.08231173381339857, 0.09106830125201604, 0.09457092823529202, 0.12084063048590295, 0.12609457094124446, 0.08931698779299882, 0.08756567429483668, 0.1138353765715442, 0.10507880911987842, 0.06129597199203254, 0.11558668973045048, 0.11558668973045048, 0.11033274961436484, 0.08406304732460901, 0.10507880913292672]}}