{"retro_vecs": {"mu": 0.56715, "std": 0.02302449782297105, "scores": [0.55, 0.556, 0.584, 0.578, 0.535, 0.582, 0.578, 0.561, 0.599, 0.58, 0.537, 0.59, 0.541, 0.539, 0.579, 0.605, 0.596, 0.524, 0.563, 0.566]}}