{"retro_vecs": {"mu": 5.066988241434098, "std": 0.695575541318681, "scores": [4.864492111206054, 4.500588922500611, 5.052862844467163, 4.872500457763672, 4.40618332862854, 6.2594533538818355, 5.991894302368164, 5.723393859863282, 5.107016429901123, 4.968851528167725, 4.266786994934082, 4.150857210159302, 6.0125666427612305, 4.173066434860229, 4.7437864017486575, 3.9197810745239257, 5.544264359474182, 5.950138568878174, 5.787285232543946, 5.043994770050049]}}