{"retro_vecs": {"mu": 0.9745000000000001, "std": 0.004021815510438052, "scores": [0.969, 0.9775, 0.968, 0.971, 0.98, 0.972, 0.977, 0.9845, 0.973, 0.971, 0.9745, 0.9725, 0.973, 0.977, 0.9765, 0.976, 0.9715, 0.978, 0.978, 0.97]}}