{"retro_vecs": {"mu": 0.7152000000000001, "std": 0.015664769388663236, "scores": [0.7195, 0.692, 0.722, 0.726, 0.741, 0.7385, 0.692, 0.696, 0.7345, 0.721, 0.7245, 0.7165, 0.7235, 0.7165, 0.706, 0.6835, 0.701, 0.7105, 0.7285, 0.711]}}