{"retro_vecs": {"mu": 0.18834999999999996, "std": 0.011888124326402379, "scores": [0.187, 0.181, 0.1715, 0.178, 0.1905, 0.194, 0.174, 0.186, 0.203, 0.2, 0.184, 0.2125, 0.1735, 0.207, 0.1855, 0.183, 0.1855, 0.2095, 0.182, 0.1795]}}