{"retro_vecs": {"mu": 10.590275967597963, "std": 1.886840137104288, "scores": [10.235257034301759, 10.370657997131348, 10.412555084228515, 11.281899642944335, 10.10182580947876, 9.002305965423584, 7.649952716827393, 9.91849422454834, 12.519392852783204, 11.043917808532715, 13.770462799072266, 8.216624412536621, 9.779282684326171, 13.380667877197265, 14.424398307800294, 11.016744613647461, 8.905590209960938, 10.326724014282227, 12.096455993652343, 7.3523093032836915]}}