{"retro_vecs": {"mu": 0.559225, "std": 0.010766237736554015, "scores": [0.573, 0.5565, 0.5625, 0.556, 0.544, 0.5625, 0.548, 0.5355, 0.5705, 0.5455, 0.551, 0.561, 0.555, 0.557, 0.5645, 0.565, 0.5675, 0.581, 0.557, 0.5715]}}