{"retro_vecs": {"mu": 0.7134250000000001, "std": 0.014526075691665665, "scores": [0.717, 0.723, 0.7295, 0.7265, 0.6625, 0.718, 0.72, 0.7085, 0.717, 0.6975, 0.6995, 0.7185, 0.7145, 0.7035, 0.718, 0.73, 0.7205, 0.7215, 0.712, 0.711]}}