{"retro_vecs": {"mu": 0.9139999999999999, "std": 0.005873670062235359, "scores": [0.9095, 0.911, 0.9205, 0.914, 0.9205, 0.9175, 0.922, 0.9125, 0.908, 0.912, 0.913, 0.9075, 0.9155, 0.907, 0.9185, 0.9135, 0.9225, 0.9, 0.9225, 0.9125]}}