{"retro_vecs": {"mu": 0.677625, "std": 0.00956017128507643, "scores": [0.6735, 0.6745, 0.67, 0.679, 0.6835, 0.693, 0.6815, 0.6725, 0.669, 0.6715, 0.6505, 0.6775, 0.675, 0.678, 0.6745, 0.6795, 0.678, 0.694, 0.684, 0.6935]}}