{"retro_vecs": {"mu": 0.9158250000000001, "std": 0.009279379020171554, "scores": [0.924, 0.9235, 0.898, 0.901, 0.926, 0.913, 0.907, 0.917, 0.9335, 0.92, 0.909, 0.914, 0.922, 0.921, 0.9305, 0.9075, 0.9155, 0.9115, 0.905, 0.9175]}}