{"retro_vecs": {"mu": 0.70835, "std": 0.014302185147731798, "scores": [0.706, 0.711, 0.6995, 0.729, 0.7005, 0.708, 0.6815, 0.7115, 0.714, 0.7355, 0.7005, 0.696, 0.698, 0.717, 0.687, 0.708, 0.721, 0.692, 0.734, 0.717]}}