{"retro_vecs": {"mu": 5.988193582534789, "std": 0.7200769405682049, "scores": [5.30910177230835, 6.3828226089477536, 4.999883050918579, 5.982152118682861, 7.300464153289795, 6.094623289108276, 7.3650288391113286, 6.020335130691528, 7.295539627075195, 5.395806884765625, 4.93108003616333, 5.866826133728027, 5.151375751495362, 5.511098012924195, 5.651634578704834, 6.374245338439941, 6.429274120330811, 6.040507926940918, 5.322478580474853, 6.339593696594238]}}