{"retro_vecs": {"mu": 0.48605, "std": 0.030305898765751866, "scores": [0.446, 0.491, 0.485, 0.457, 0.535, 0.493, 0.45, 0.442, 0.506, 0.483, 0.416, 0.475, 0.476, 0.529, 0.507, 0.52, 0.499, 0.513, 0.497, 0.501]}}