{"retro_vecs": {"mu": 0.5603511338577972, "std": 0.024017108557652395, "scores": [0.5457205558747554, 0.5091441107563669, 0.5793708848883483, 0.5735186535508073, 0.5698610099022983, 0.5866861738640633, 0.5566934889568058, 0.6035113382618533, 0.5171909291289022, 0.5632772491897382, 0.5822970011239516, 0.5523043161076878, 0.5413313826768174, 0.5559619605846446, 0.5537673742036883, 0.5435259693193889, 0.5940014634502134, 0.5318215073419472, 0.5669348940155152, 0.5801024139581498]}}