{"retro_vecs": {"mu": 647.2932430419922, "std": 125.86117303442694, "scores": [633.7976977539063, 706.1740844726562, 575.9780419921875, 686.273916015625, 1004.8092504882812, 517.8257666015625, 411.5025329589844, 791.33146484375, 601.039697265625, 714.8419750976562, 520.5466552734375, 564.9071435546875, 704.1455822753907, 637.6185302734375, 742.317275390625, 796.895380859375, 605.5124145507813, 603.3267529296875, 606.1371728515625, 520.883525390625]}}