{"retro_vecs": {"mu": 6.849893548965454, "std": 1.1613487461739262, "scores": [8.076812171936036, 5.691063251495361, 5.695151329040527, 5.027831211090088, 8.655909042358399, 6.526205463409424, 6.264132404327393, 6.083238582611084, 5.935880699157715, 9.327018241882325, 6.54736888885498, 6.208531608581543, 6.921076717376709, 7.185233898162842, 7.845237998962403, 9.11250659942627, 5.782761516571045, 7.092863082885742, 6.360981521606445, 6.658066749572754]}}