{"retro_vecs": {"mu": 0.9158250000000001, "std": 0.008595456648718566, "scores": [0.9155, 0.9155, 0.9245, 0.9205, 0.8915, 0.911, 0.9125, 0.9075, 0.9115, 0.9265, 0.9305, 0.924, 0.921, 0.915, 0.909, 0.9105, 0.927, 0.9175, 0.9095, 0.916]}}