{"retro_vecs": {"mu": 10.96456162452698, "std": 1.65502563474657, "scores": [8.662030429840089, 9.070899391174317, 9.496210174560547, 13.818731384277344, 8.682942962646484, 9.98497802734375, 10.170685577392579, 11.575807266235351, 11.08233497619629, 10.766518211364746, 15.404456367492676, 11.106445770263672, 11.723610954284668, 11.809406394958495, 12.092422256469726, 10.072123813629151, 10.576398124694824, 10.188961563110352, 12.907832260131835, 10.098436584472656]}}