{"retro_vecs": {"mu": 0.147175, "std": 0.013318478704416657, "scores": [0.134, 0.165, 0.1315, 0.162, 0.1475, 0.142, 0.157, 0.145, 0.142, 0.147, 0.13, 0.158, 0.18, 0.153, 0.143, 0.1455, 0.15, 0.1565, 0.1285, 0.126]}}