{"retro_vecs": {"mu": 0.267425, "std": 0.009837777950330051, "scores": [0.281, 0.278, 0.27, 0.2625, 0.257, 0.251, 0.249, 0.266, 0.2785, 0.2565, 0.265, 0.272, 0.2695, 0.2795, 0.271, 0.272, 0.2545, 0.2805, 0.2605, 0.2745]}}