{"retro_vecs": {"mu": 16.077927698135376, "std": 1.7824476385895758, "scores": [17.70614402770996, 16.06569137573242, 16.397075119018556, 17.471762161254883, 15.40716194152832, 16.641761360168456, 15.339810638427734, 17.746357955932616, 15.634303436279296, 15.421498489379882, 17.694147415161133, 14.91304557800293, 18.70456310272217, 12.120851478576661, 19.384955444335937, 13.671777305603028, 13.824049949645996, 13.93819595336914, 17.15044677734375, 16.32495445251465]}}