{"retro_vecs": {"mu": 0.618653986730014, "std": 0.019299196405847197, "scores": [0.6254572059520422, 0.5947329920403872, 0.6100950984947857, 0.6547183610700567, 0.6174103874486995, 0.6532553039769142, 0.6196049743092836, 0.608632040529593, 0.6466715434387642, 0.6159473294835066, 0.6210680318820537, 0.6210680322308739, 0.6057059252968476, 0.5969275783777411, 0.6079005121574318, 0.6217995611262653, 0.572787124829826, 0.6130212147303891, 0.6371616674498563, 0.6291148497749613]}}