{"retro_vecs": {"mu": 0.47657004931698677, "std": 0.10917527063902818, "scores": [0.48309178787153123, 0.5652173933199638, 0.5700483093227166, 0.46376811766969983, 0.5652173930320187, 0.4879227070416805, 0.5603864745817323, 0.42028985521643636, 0.4541062803372093, 0.5314009673353555, 0.5169082142880573, 0.4154589373420402, 0.45410628091309957, 0.4251207739546679, 0.49275362520402183, 0.057971014492753624, 0.584541063953713, 0.4734299528426018, 0.5410628020763397, 0.468599035544096]}}