{"retro_vecs": {"mu": 0.31525000000000003, "std": 0.014378369170389255, "scores": [0.3215, 0.298, 0.299, 0.3185, 0.331, 0.317, 0.316, 0.3235, 0.2875, 0.314, 0.308, 0.3295, 0.3225, 0.3355, 0.3445, 0.3245, 0.312, 0.2915, 0.3035, 0.3075]}}