{"retro_vecs": {"mu": 0.6195318214502661, "std": 0.02072939158783343, "scores": [0.6547183612880693, 0.6159473294835066, 0.6437454279880063, 0.587417702868461, 0.6291148497749613, 0.5830285295397152, 0.6210680317512463, 0.6122896854861775, 0.6225310900652592, 0.622531089716439, 0.605705925078835, 0.6239941476816319, 0.6393562549644782, 0.6210680325796941, 0.648866130430156, 0.5822970004699137, 0.6013167517500894, 0.6452084856043789, 0.6020482809506984, 0.6283833215336078]}}