{"retro_vecs": {"mu": 0.9135749999999998, "std": 0.00839832572600039, "scores": [0.911, 0.911, 0.9205, 0.9065, 0.902, 0.9315, 0.907, 0.906, 0.9, 0.914, 0.911, 0.9295, 0.913, 0.9015, 0.922, 0.919, 0.9135, 0.9165, 0.9165, 0.9195]}}