{"retro_vecs": {"mu": 9.489901949882505, "std": 1.3768415801564624, "scores": [7.110138816833496, 11.278982467651367, 8.536144256591797, 9.912438774108887, 10.649178581237793, 11.252310981750488, 11.403920669555664, 7.996958160400391, 7.962342338562012, 11.277770805358887, 8.424089736938477, 9.44550163269043, 8.291917190551757, 9.668715744018554, 7.568173847198486, 8.457425231933593, 10.924992446899415, 11.01696933746338, 8.943242950439453, 9.67682502746582]}}