{"retro_vecs": {"mu": 10.365771263599395, "std": 0.9042546469116091, "scores": [10.62312702178955, 12.108202590942383, 8.822727966308594, 9.139139785766602, 10.856996841430664, 10.88313018798828, 10.750197525024413, 10.1868599319458, 11.859797859191895, 9.497748527526856, 9.376076393127441, 10.91694679260254, 10.26798526763916, 8.92295524597168, 11.673019104003906, 10.01875804901123, 10.387994232177734, 9.77446933746338, 10.584407138824464, 10.664885473251342]}}