{"retro_vecs": {"mu": 11.478383957147598, "std": 1.877168681924042, "scores": [9.493132915496826, 9.313575744628906, 11.08156322479248, 10.924598655700684, 12.070945053100585, 11.625488166809083, 9.142603120803834, 13.263083901405334, 11.768333930969238, 10.02064450263977, 13.128530120849609, 11.234445152282715, 10.115494804382324, 9.315685577392578, 12.120322303771973, 9.536913528442383, 16.238884887695313, 11.00233627319336, 14.38420955657959, 13.786887722015381]}}