{"retro_vecs": {"mu": 0.07039999999999999, "std": 0.008360023923410745, "scores": [0.061, 0.0775, 0.06, 0.092, 0.0605, 0.0785, 0.0725, 0.0695, 0.068, 0.0775, 0.0765, 0.073, 0.0675, 0.0645, 0.061, 0.0815, 0.06, 0.0725, 0.071, 0.0635]}}