{"retro_vecs": {"mu": 0.712225, "std": 0.013780851751615364, "scores": [0.699, 0.702, 0.6955, 0.709, 0.705, 0.72, 0.7285, 0.699, 0.735, 0.7175, 0.6865, 0.703, 0.716, 0.7125, 0.723, 0.74, 0.705, 0.732, 0.707, 0.709]}}