{"retro_vecs": {"mu": 0.31297499999999995, "std": 0.013157198600006017, "scores": [0.324, 0.321, 0.312, 0.284, 0.3155, 0.301, 0.3085, 0.311, 0.3165, 0.3355, 0.313, 0.2925, 0.325, 0.3145, 0.3055, 0.311, 0.3195, 0.292, 0.337, 0.3205]}}