{"retro_vecs": {"mu": 0.3106749999999999, "std": 0.014215550464192385, "scores": [0.3225, 0.294, 0.3005, 0.308, 0.3135, 0.321, 0.314, 0.3015, 0.2895, 0.304, 0.3205, 0.2975, 0.2895, 0.338, 0.322, 0.2975, 0.3225, 0.307, 0.3405, 0.31]}}