{"retro_vecs": {"mu": 0.6631750000000001, "std": 0.012493273190001097, "scores": [0.6495, 0.6665, 0.641, 0.6635, 0.6735, 0.6505, 0.678, 0.6645, 0.655, 0.664, 0.6325, 0.6745, 0.6675, 0.6835, 0.6585, 0.676, 0.6675, 0.6755, 0.659, 0.663]}}