{"retro_vecs": {"mu": 0.712775, "std": 0.010747645090902461, "scores": [0.729, 0.728, 0.708, 0.7095, 0.729, 0.719, 0.686, 0.7175, 0.708, 0.7055, 0.7215, 0.708, 0.7095, 0.719, 0.7075, 0.7055, 0.7155, 0.704, 0.6995, 0.726]}}