{"retro_vecs": {"mu": 0.27104999999999996, "std": 0.011004430925768036, "scores": [0.2605, 0.274, 0.2645, 0.273, 0.2755, 0.265, 0.2705, 0.2745, 0.272, 0.278, 0.2705, 0.278, 0.264, 0.2735, 0.2825, 0.2855, 0.2705, 0.2315, 0.2765, 0.281]}}