{"retro_vecs": {"mu": 0.9470749999999999, "std": 0.006193292742959914, "scores": [0.947, 0.946, 0.9485, 0.943, 0.926, 0.9475, 0.9555, 0.943, 0.946, 0.956, 0.9435, 0.9505, 0.9435, 0.9535, 0.948, 0.946, 0.947, 0.9465, 0.952, 0.9525]}}