{"retro_vecs": {"mu": 0.31025, "std": 0.013052298648130916, "scores": [0.3275, 0.3035, 0.3005, 0.3115, 0.303, 0.3, 0.302, 0.3155, 0.3085, 0.315, 0.292, 0.28, 0.307, 0.309, 0.3095, 0.3275, 0.3235, 0.3215, 0.339, 0.309]}}