{"retro_vecs": {"mu": 0.5502560351013963, "std": 0.0188694755451149, "scores": [0.5376737376766303, 0.5771762980277642, 0.5537673742036883, 0.5844915869816778, 0.5157278708148892, 0.5727871251350436, 0.5332845651327299, 0.5493782005261224, 0.5698610099022983, 0.5515727866890663, 0.5713240670608445, 0.5735186543792552, 0.5274323334899712, 0.5435259691885813, 0.5267008046163811, 0.54279444029319, 0.5559619608898624, 0.5471836136655382, 0.5398683249078359, 0.5310899784465558]}}