{"retro_vecs": {"mu": 6.2253217035532, "std": 0.809794366606672, "scores": [7.812207183837891, 5.9363961601257325, 6.0047527694702145, 7.5431163787841795, 6.86768159866333, 5.478086833953857, 6.256101608276367, 7.1718638896942135, 5.195202207565307, 7.435969276428223, 6.443223724365234, 6.0282848358154295, 5.339491214752197, 5.972501068115235, 6.420589408874512, 5.709707984924316, 5.532125351428985, 6.915164661407471, 4.971935501098633, 5.472032413482666]}}