{"retro_vecs": {"mu": 0.6004754935956037, "std": 0.028871097176634507, "scores": [0.5574250186806451, 0.6203365028122523, 0.5976591074475426, 0.6422823697175959, 0.594732991691567, 0.566934893666695, 0.5705925381436519, 0.6437454281624164, 0.5449890268267553, 0.6400877835110494, 0.6261887346730236, 0.6261887340189858, 0.6027798095408721, 0.5632772491897382, 0.6232626185682278, 0.5991221650639152, 0.5779078270975656, 0.6130212140763512, 0.5896122892494173, 0.6093635697738045]}}