{"retro_vecs": {"mu": 4.978725187540054, "std": 0.7010974779543409, "scores": [4.3772681713104244, 4.819118785858154, 4.741290779113769, 4.859179611206055, 6.6109228515625, 6.793837013244629, 5.091488571166992, 4.322479858398437, 4.771446647644043, 5.035216007232666, 4.93457986831665, 4.644856052398682, 5.055775051116943, 5.246268529891967, 5.667884254455567, 3.903573417663574, 4.246521835327148, 5.360940170288086, 4.394317588806152, 4.697538685798645]}}