{"retro_vecs": {"mu": 7.613381243705748, "std": 1.614433464088546, "scores": [7.5162540054321285, 8.183792266845703, 7.42707462310791, 7.489641647338868, 7.048879795074463, 7.236251316070557, 9.074066009521484, 5.993005104064942, 7.308348426818847, 6.449592170715332, 9.709105567932129, 6.81299087524414, 13.564854621887207, 7.067234859466553, 6.332210884094239, 7.177820072174073, 7.523564262390137, 6.625883102416992, 6.424415798187256, 7.302639465332032]}}