{"retro_vecs": {"mu": 0.6087051938845889, "std": 0.023513733016731934, "scores": [0.5486466719359486, 0.6305779082197819, 0.6057059254712577, 0.5940014626217656, 0.5764447699608206, 0.5830285293653051, 0.6020482806454807, 0.6108266278698048, 0.6181419166493084, 0.6320409658361545, 0.6013167524041272, 0.611558156416376, 0.6305779080453717, 0.6283833215336078, 0.6232626184374203, 0.6013167515756792, 0.6474030723341556, 0.5991221650857165, 0.5874177029120634, 0.6422823703716337]}}