{"retro_vecs": {"mu": 2.403790472745895, "std": 0.37785736874954357, "scores": [2.2638607692718504, 2.363569402694702, 3.3426214408874513, 2.9361652374267577, 2.1422605323791504, 2.1713925790786743, 2.019824752807617, 2.493667440414429, 2.557459750175476, 2.2697326946258545, 2.6120763301849363, 2.4081160259246825, 2.124252772331238, 2.318124141693115, 2.275805940628052, 2.2463115215301515, 1.7240188884735108, 2.0860401821136474, 3.1766122245788573, 2.543896827697754]}}