{"retro_vecs": {"mu": 0.9147000000000001, "std": 0.009528116288123277, "scores": [0.9045, 0.9085, 0.922, 0.9115, 0.9095, 0.909, 0.915, 0.916, 0.908, 0.899, 0.9305, 0.914, 0.912, 0.8955, 0.927, 0.9245, 0.9275, 0.9295, 0.915, 0.9155]}}