{"retro_vecs": {"mu": 0.6046250000000001, "std": 0.014875210082550102, "scores": [0.6155, 0.6155, 0.6385, 0.6055, 0.619, 0.6205, 0.5925, 0.5845, 0.608, 0.6, 0.6045, 0.613, 0.6125, 0.573, 0.589, 0.6185, 0.5935, 0.5895, 0.6035, 0.596]}}