{"retro_vecs": {"mu": 4.709008275270461, "std": 0.6854219035538848, "scores": [4.639632530212403, 5.306074094772339, 4.704709815979004, 4.920218982696533, 4.232353763580322, 2.522363533973694, 3.8910101509094237, 4.23060941696167, 5.3467975616455075, 4.87296802520752, 4.31158143043518, 4.6263092994689945, 4.158312301635743, 4.894107151031494, 5.056358451843262, 4.98857852935791, 5.584151525497436, 4.99031590461731, 5.445062484741211, 5.458650550842285]}}