{"retro_vecs": {"mu": 4.348299614906311, "std": 0.7682232641306157, "scores": [4.311499452590942, 6.174475135803223, 3.1947929573059084, 3.26867449760437, 4.719357261657715, 4.407281494140625, 4.228993368148804, 3.8243938446044923, 3.660995807647705, 4.102211627960205, 4.1224535369873045, 5.323032341003418, 3.3800806427001953, 5.5498762130737305, 5.462448673248291, 4.498717384338379, 3.969901275634766, 4.0438137626647945, 4.612033100128174, 4.110959920883179]}}