{"retro_vecs": {"mu": 10.15920981311798, "std": 1.7295913039388766, "scores": [8.34073247909546, 9.833658752441407, 10.175750732421875, 10.826066932678224, 9.554023170471192, 10.752756233215331, 7.932631797790528, 12.36841682434082, 11.204913253784179, 10.234269027709962, 11.615715217590331, 8.389548225402832, 12.432197189331054, 9.842386703491211, 11.667141189575196, 7.224797401428223, 13.82095718383789, 7.162893409729004, 9.459127464294433, 10.34621307373047]}}