{"retro_vecs": {"mu": 0.588275, "std": 0.012362721181034554, "scores": [0.5845, 0.579, 0.5985, 0.5985, 0.5965, 0.578, 0.5635, 0.5785, 0.6045, 0.6005, 0.591, 0.578, 0.5975, 0.5785, 0.6095, 0.5935, 0.58, 0.589, 0.6, 0.5665]}}