{"retro_vecs": {"mu": 0.5899780541320482, "std": 0.023228202358749478, "scores": [0.5720555965884724, 0.607168983392848, 0.5603511342622105, 0.6305779076965516, 0.6247256770566509, 0.566934893492285, 0.5632772496693659, 0.5940014631013933, 0.5713240672134533, 0.6371616681038941, 0.6005852230509093, 0.5771762982021742, 0.615947329679718, 0.5654718358759123, 0.5830285296705228, 0.5910753472364114, 0.6042428671572447, 0.5830285298449328, 0.5888807607028461, 0.562545720643167]}}