{"retro_vecs": {"mu": 0.30807500000000004, "std": 0.011632148339838186, "scores": [0.3125, 0.3205, 0.301, 0.314, 0.297, 0.2985, 0.3145, 0.293, 0.318, 0.2855, 0.319, 0.3125, 0.295, 0.3255, 0.3195, 0.306, 0.303, 0.3285, 0.299, 0.299]}}