{"retro_vecs": {"mu": 0.5850768104413607, "std": 0.0255560224485926, "scores": [0.6100950988000033, 0.5647403074601487, 0.5932699345548221, 0.5742501826206087, 0.6313094362867253, 0.5691294803528691, 0.6217995606466376, 0.5420629113977986, 0.5713240672134533, 0.5786393564725847, 0.5632772491897382, 0.5596196048871914, 0.5683979514574777, 0.5603511334337626, 0.6115581567651962, 0.6152158005881152, 0.6005852235087358, 0.6261887346730236, 0.5691294803528691, 0.5705925381654532]}}