{"retro_vecs": {"mu": 0.9159499999999999, "std": 0.0059137551521854645, "scores": [0.9035, 0.915, 0.916, 0.912, 0.914, 0.923, 0.909, 0.9245, 0.9085, 0.9235, 0.927, 0.9125, 0.916, 0.9215, 0.9125, 0.9175, 0.9125, 0.918, 0.921, 0.9115]}}