{"retro_vecs": {"mu": 0.9206000000000001, "std": 0.006914839115988163, "scores": [0.905, 0.919, 0.9205, 0.9195, 0.9255, 0.93, 0.9225, 0.9195, 0.919, 0.9275, 0.924, 0.914, 0.9245, 0.932, 0.914, 0.9235, 0.9305, 0.918, 0.9155, 0.908]}}