{"retro_vecs": {"mu": 0.3081249999999999, "std": 0.01437956449270979, "scores": [0.327, 0.299, 0.2955, 0.2775, 0.291, 0.3225, 0.316, 0.319, 0.3045, 0.3165, 0.3055, 0.333, 0.318, 0.2995, 0.3035, 0.3055, 0.286, 0.326, 0.2985, 0.3185]}}