{"retro_vecs": {"mu": 0.9964250000000001, "std": 0.0019253246479490251, "scores": [0.998, 0.9995, 0.997, 0.9975, 0.997, 0.995, 0.9945, 0.995, 0.9975, 0.994, 0.996, 0.994, 0.996, 0.993, 0.9985, 0.998, 0.997, 0.9935, 0.998, 0.9995]}}