{"retro_vecs": {"mu": 0.544403803863051, "std": 0.01846092546028819, "scores": [0.5771762980277642, 0.5427944401187799, 0.5501097291162961, 0.5683979516318879, 0.5588880756429799, 0.5515727870378864, 0.5157278713381195, 0.5354791511648662, 0.5640087781069308, 0.5405998534326057, 0.5376737385050782, 0.5574250183754275, 0.515727871468927, 0.5420629110489784, 0.5742501826206087, 0.5135332846737466, 0.5479151427571409, 0.5208485734532502, 0.5354791515136864, 0.5384052672260594]}}