{"retro_vecs": {"mu": 0.5057971026046553, "std": 0.027203687451521453, "scores": [0.4830917894552295, 0.5169082145760024, 0.5362318854976967, 0.49758454250252765, 0.48309178887933923, 0.4685990339603977, 0.4975845412067745, 0.47342995269862925, 0.4927536233323784, 0.4637681163739467, 0.49275362491607666, 0.5265700494609593, 0.5652173927440736, 0.5507246378971182, 0.5120772954058532, 0.4830917894552295, 0.502415460664869, 0.541062803660038, 0.5217391305787552, 0.5072463788272102]}}