{"retro_vecs": {"mu": 10.101182715415954, "std": 1.459866677167952, "scores": [11.181564826965332, 10.607014122009277, 7.9622319793701175, 10.176003532409668, 11.349973526000976, 8.569446182250976, 9.59617359161377, 11.044415016174316, 9.948716735839843, 9.990517120361329, 11.013655586242676, 11.561692047119141, 11.409410057067872, 7.644539794921875, 8.924721355438232, 9.528478546142578, 13.751495895385743, 8.19689712524414, 8.794140281677246, 10.772566986083984]}}