{"retro_vecs": {"mu": 7.5841330766677855, "std": 1.3293693182129873, "scores": [5.3453411102294925, 7.798547744750977, 8.132507095336914, 7.4131356048583985, 7.859338836669922, 8.162454071044921, 7.827282333374024, 8.054779472351074, 9.433444862365723, 6.860695724487305, 6.674316349029541, 9.457521629333495, 6.426848125457764, 9.359830894470214, 7.379592781066894, 7.371513786315918, 6.013021163940429, 8.302051906585694, 4.405244522094726, 9.405193519592284]}}