{"retro_vecs": {"mu": 9.564210318565369, "std": 1.5066652801885563, "scores": [10.826350421905518, 10.430204048156739, 5.599064636230469, 10.261262130737304, 10.401365547180175, 9.901747379302979, 8.036971378326417, 10.169407806396485, 7.712454853057861, 9.428366165161133, 6.342530059814453, 9.58002742767334, 11.190721168518067, 10.804013214111329, 10.17699691772461, 8.898420028686523, 10.16594476699829, 10.361330223083495, 9.559251670837403, 11.437776527404786]}}