{"retro_vecs": {"mu": 0.912425, "std": 0.006742171386133703, "scores": [0.913, 0.9125, 0.902, 0.914, 0.9245, 0.9185, 0.909, 0.9125, 0.92, 0.914, 0.9165, 0.906, 0.906, 0.8985, 0.926, 0.9085, 0.91, 0.914, 0.907, 0.916]}}