{"retro_vecs": {"mu": 5.2279261546134945, "std": 0.7712722416476097, "scores": [5.287599444389343, 4.845538091659546, 5.092941932678222, 5.975629806518555, 4.473246040344239, 4.675107192993164, 5.02481707572937, 4.731942596435547, 5.228367385864257, 5.285532722473144, 7.239929351806641, 5.253108568191529, 5.8621603298187255, 6.561194362640381, 4.046017532348633, 3.903115224838257, 5.294530420303345, 5.803164644241333, 5.281062979698181, 4.693517389297486]}}