{"retro_vecs": {"mu": 9.073463224411011, "std": 1.15930396266962, "scores": [9.363004989624024, 8.207182426452636, 9.832685737609863, 8.594676456451417, 9.374081687927246, 7.7033813858032225, 9.46131175994873, 8.643985481262208, 8.977351608276367, 11.369441680908203, 9.496819953918457, 6.741943702697754, 9.91057315826416, 10.470614967346192, 11.118809928894043, 8.05772964477539, 7.216127395629883, 8.946386070251465, 8.40240936279297, 9.580747089385987]}}