{"retro_vecs": {"mu": 0.5557790781820265, "std": 0.020234246580168622, "scores": [0.5764447697864106, 0.5566934889568058, 0.5544989026194519, 0.5749817116904101, 0.5493782000028922, 0.5749817116904101, 0.5515727875175142, 0.5486466712819108, 0.5530358450030792, 0.5193855156624675, 0.584491587330498, 0.547183613316718, 0.5471836138399483, 0.5259692756991885, 0.5142648136781443, 0.5779078272719756, 0.566203364793105, 0.5793708848883483, 0.5771762983765842, 0.5362106802346677]}}